-- phpMyAdmin SQL Dump
-- version 5.0.4
-- https://www.phpmyadmin.net/
--
-- Servidor: 127.0.0.1
-- Tiempo de generación: 25-11-2020 a las 07:42:54
-- Versión del servidor: 10.4.16-MariaDB
-- Versión de PHP: 7.4.12

SET SQL_MODE = "NO_AUTO_VALUE_ON_ZERO";
START TRANSACTION;
SET time_zone = "+00:00";


/*!40101 SET @OLD_CHARACTER_SET_CLIENT=@@CHARACTER_SET_CLIENT */;
/*!40101 SET @OLD_CHARACTER_SET_RESULTS=@@CHARACTER_SET_RESULTS */;
/*!40101 SET @OLD_COLLATION_CONNECTION=@@COLLATION_CONNECTION */;
/*!40101 SET NAMES utf8mb4 */;

--
-- Base de datos: `atrinium_db`
--

-- --------------------------------------------------------

--
-- Estructura de tabla para la tabla `api_call`
--

CREATE TABLE `api_call` (
  `id` int(11) NOT NULL,
  `name` varchar(255) NOT NULL,
  `data` longtext NOT NULL
) ENGINE=InnoDB DEFAULT CHARSET=utf8mb4;

--
-- Volcado de datos para la tabla `api_call`
--

INSERT INTO `api_call` (`id`, `name`, `data`) VALUES
(1, 'fixed-io > coin-names', '{\"success\":true,\"symbols\":{\"AED\":\"United Arab Emirates Dirham\",\"AFN\":\"Afghan Afghani\",\"ALL\":\"Albanian Lek\",\"AMD\":\"Armenian Dram\",\"ANG\":\"Netherlands Antillean Guilder\",\"AOA\":\"Angolan Kwanza\",\"ARS\":\"Argentine Peso\",\"AUD\":\"Australian Dollar\",\"AWG\":\"Aruban Florin\",\"AZN\":\"Azerbaijani Manat\",\"BAM\":\"Bosnia-Herzegovina Convertible Mark\",\"BBD\":\"Barbadian Dollar\",\"BDT\":\"Bangladeshi Taka\",\"BGN\":\"Bulgarian Lev\",\"BHD\":\"Bahraini Dinar\",\"BIF\":\"Burundian Franc\",\"BMD\":\"Bermudan Dollar\",\"BND\":\"Brunei Dollar\",\"BOB\":\"Bolivian Boliviano\",\"BRL\":\"Brazilian Real\",\"BSD\":\"Bahamian Dollar\",\"BTC\":\"Bitcoin\",\"BTN\":\"Bhutanese Ngultrum\",\"BWP\":\"Botswanan Pula\",\"BYN\":\"New Belarusian Ruble\",\"BYR\":\"Belarusian Ruble\",\"BZD\":\"Belize Dollar\",\"CAD\":\"Canadian Dollar\",\"CDF\":\"Congolese Franc\",\"CHF\":\"Swiss Franc\",\"CLF\":\"Chilean Unit of Account (UF)\",\"CLP\":\"Chilean Peso\",\"CNY\":\"Chinese Yuan\",\"COP\":\"Colombian Peso\",\"CRC\":\"Costa Rican Col\\u00f3n\",\"CUC\":\"Cuban Convertible Peso\",\"CUP\":\"Cuban Peso\",\"CVE\":\"Cape Verdean Escudo\",\"CZK\":\"Czech Republic Koruna\",\"DJF\":\"Djiboutian Franc\",\"DKK\":\"Danish Krone\",\"DOP\":\"Dominican Peso\",\"DZD\":\"Algerian Dinar\",\"EGP\":\"Egyptian Pound\",\"ERN\":\"Eritrean Nakfa\",\"ETB\":\"Ethiopian Birr\",\"EUR\":\"Euro\",\"FJD\":\"Fijian Dollar\",\"FKP\":\"Falkland Islands Pound\",\"GBP\":\"British Pound Sterling\",\"GEL\":\"Georgian Lari\",\"GGP\":\"Guernsey Pound\",\"GHS\":\"Ghanaian Cedi\",\"GIP\":\"Gibraltar Pound\",\"GMD\":\"Gambian Dalasi\",\"GNF\":\"Guinean Franc\",\"GTQ\":\"Guatemalan Quetzal\",\"GYD\":\"Guyanaese Dollar\",\"HKD\":\"Hong Kong Dollar\",\"HNL\":\"Honduran Lempira\",\"HRK\":\"Croatian Kuna\",\"HTG\":\"Haitian Gourde\",\"HUF\":\"Hungarian Forint\",\"IDR\":\"Indonesian Rupiah\",\"ILS\":\"Israeli New Sheqel\",\"IMP\":\"Manx pound\",\"INR\":\"Indian Rupee\",\"IQD\":\"Iraqi Dinar\",\"IRR\":\"Iranian Rial\",\"ISK\":\"Icelandic Kr\\u00f3na\",\"JEP\":\"Jersey Pound\",\"JMD\":\"Jamaican Dollar\",\"JOD\":\"Jordanian Dinar\",\"JPY\":\"Japanese Yen\",\"KES\":\"Kenyan Shilling\",\"KGS\":\"Kyrgystani Som\",\"KHR\":\"Cambodian Riel\",\"KMF\":\"Comorian Franc\",\"KPW\":\"North Korean Won\",\"KRW\":\"South Korean Won\",\"KWD\":\"Kuwaiti Dinar\",\"KYD\":\"Cayman Islands Dollar\",\"KZT\":\"Kazakhstani Tenge\",\"LAK\":\"Laotian Kip\",\"LBP\":\"Lebanese Pound\",\"LKR\":\"Sri Lankan Rupee\",\"LRD\":\"Liberian Dollar\",\"LSL\":\"Lesotho Loti\",\"LTL\":\"Lithuanian Litas\",\"LVL\":\"Latvian Lats\",\"LYD\":\"Libyan Dinar\",\"MAD\":\"Moroccan Dirham\",\"MDL\":\"Moldovan Leu\",\"MGA\":\"Malagasy Ariary\",\"MKD\":\"Macedonian Denar\",\"MMK\":\"Myanma Kyat\",\"MNT\":\"Mongolian Tugrik\",\"MOP\":\"Macanese Pataca\",\"MRO\":\"Mauritanian Ouguiya\",\"MUR\":\"Mauritian Rupee\",\"MVR\":\"Maldivian Rufiyaa\",\"MWK\":\"Malawian Kwacha\",\"MXN\":\"Mexican Peso\",\"MYR\":\"Malaysian Ringgit\",\"MZN\":\"Mozambican Metical\",\"NAD\":\"Namibian Dollar\",\"NGN\":\"Nigerian Naira\",\"NIO\":\"Nicaraguan C\\u00f3rdoba\",\"NOK\":\"Norwegian Krone\",\"NPR\":\"Nepalese Rupee\",\"NZD\":\"New Zealand Dollar\",\"OMR\":\"Omani Rial\",\"PAB\":\"Panamanian Balboa\",\"PEN\":\"Peruvian Nuevo Sol\",\"PGK\":\"Papua New Guinean Kina\",\"PHP\":\"Philippine Peso\",\"PKR\":\"Pakistani Rupee\",\"PLN\":\"Polish Zloty\",\"PYG\":\"Paraguayan Guarani\",\"QAR\":\"Qatari Rial\",\"RON\":\"Romanian Leu\",\"RSD\":\"Serbian Dinar\",\"RUB\":\"Russian Ruble\",\"RWF\":\"Rwandan Franc\",\"SAR\":\"Saudi Riyal\",\"SBD\":\"Solomon Islands Dollar\",\"SCR\":\"Seychellois Rupee\",\"SDG\":\"Sudanese Pound\",\"SEK\":\"Swedish Krona\",\"SGD\":\"Singapore Dollar\",\"SHP\":\"Saint Helena Pound\",\"SLL\":\"Sierra Leonean Leone\",\"SOS\":\"Somali Shilling\",\"SRD\":\"Surinamese Dollar\",\"STD\":\"S\\u00e3o Tom\\u00e9 and Pr\\u00edncipe Dobra\",\"SVC\":\"Salvadoran Col\\u00f3n\",\"SYP\":\"Syrian Pound\",\"SZL\":\"Swazi Lilangeni\",\"THB\":\"Thai Baht\",\"TJS\":\"Tajikistani Somoni\",\"TMT\":\"Turkmenistani Manat\",\"TND\":\"Tunisian Dinar\",\"TOP\":\"Tongan Pa\\u02bbanga\",\"TRY\":\"Turkish Lira\",\"TTD\":\"Trinidad and Tobago Dollar\",\"TWD\":\"New Taiwan Dollar\",\"TZS\":\"Tanzanian Shilling\",\"UAH\":\"Ukrainian Hryvnia\",\"UGX\":\"Ugandan Shilling\",\"USD\":\"United States Dollar\",\"UYU\":\"Uruguayan Peso\",\"UZS\":\"Uzbekistan Som\",\"VEF\":\"Venezuelan Bol\\u00edvar Fuerte\",\"VND\":\"Vietnamese Dong\",\"VUV\":\"Vanuatu Vatu\",\"WST\":\"Samoan Tala\",\"XAF\":\"CFA Franc BEAC\",\"XAG\":\"Silver (troy ounce)\",\"XAU\":\"Gold (troy ounce)\",\"XCD\":\"East Caribbean Dollar\",\"XDR\":\"Special Drawing Rights\",\"XOF\":\"CFA Franc BCEAO\",\"XPF\":\"CFP Franc\",\"YER\":\"Yemeni Rial\",\"ZAR\":\"South African Rand\",\"ZMK\":\"Zambian Kwacha (pre-2013)\",\"ZMW\":\"Zambian Kwacha\",\"ZWL\":\"Zimbabwean Dollar\"}}');

-- --------------------------------------------------------

--
-- Estructura de tabla para la tabla `company`
--

CREATE TABLE `company` (
  `id` int(11) NOT NULL,
  `id_sector` int(11) NOT NULL,
  `name` varchar(255) NOT NULL,
  `phone` varchar(255) NOT NULL,
  `email` varchar(255) NOT NULL
) ENGINE=InnoDB DEFAULT CHARSET=utf8mb4;

--
-- Volcado de datos para la tabla `company`
--

INSERT INTO `company` (`id`, `id_sector`, `name`, `phone`, `email`) VALUES
(4, 10, 'volatile csdsd cacs', '168546384352', 'ashda@asdhbasd.es'),
(15, 11, 'testSector7', '626565156', 'arewt@dfws.essefrsedf'),
(18, 14, 'comapny sdfsgawq', '235467324', 'arewt@dfws.essefrsedf'),
(20, 18, 'soy español si', '23234', 'arewt@dfws.e'),
(22, 14, 'zdghesrthy', '5245735', 'arewt@dfws.essefrsedfasd'),
(26, 14, 'ESTA no debería aparecer', '54345678356', 'arewt@dfws.essefrsedf');

-- --------------------------------------------------------

--
-- Estructura de tabla para la tabla `exchange`
--

CREATE TABLE `exchange` (
  `id` int(11) NOT NULL,
  `date` datetime NOT NULL,
  `exchange_data` longtext CHARACTER SET utf8mb4 COLLATE utf8mb4_bin NOT NULL
) ENGINE=InnoDB DEFAULT CHARSET=utf8mb4;

--
-- Volcado de datos para la tabla `exchange`
--

INSERT INTO `exchange` (`id`, `date`, `exchange_data`) VALUES
(1, '2005-10-03 00:00:00', '{\"success\":true,\"timestamp\":1128383999,\"historical\":true,\"base\":\"EUR\",\"date\":\"2005-10-03\",\"rates\":{\"AED\":4.375978,\"ALL\":122.991282,\"AMD\":534.599786,\"ANG\":2.133083,\"ARS\":3.476042,\"AUD\":1.562672,\"AWG\":2.133083,\"BBD\":2.383333,\"BDT\":78.348019,\"BGN\":1.931921,\"BHD\":0.448662,\"BIF\":1240.713347,\"BMD\":1.191666,\"BND\":2.020939,\"BOB\":9.581171,\"BRL\":2.670712,\"BSD\":1.191666,\"BTN\":52.753873,\"BWP\":6.50703,\"BYR\":2578.369711,\"BZD\":2.365458,\"CAD\":1.388376,\"CDF\":548.767623,\"CHF\":1.551857,\"CLP\":629.634989,\"CNY\":9.642973,\"COP\":2726.365016,\"CRC\":581.067653,\"CVE\":110.111057,\"CZK\":29.573617,\"DJF\":211.784151,\"DKK\":7.458355,\"DOP\":37.073122,\"DZD\":87.427211,\"EGP\":6.89693,\"ETB\":10.388153,\"EUR\":1,\"FJD\":2.025645,\"FKP\":0.679219,\"GBP\":0.678923,\"GEL\":2.139868,\"GIP\":0.67888,\"GMD\":33.754263,\"GNF\":4796.503995,\"GTQ\":9.205709,\"GYD\":214.51035,\"HKD\":9.244237,\"HNL\":22.585258,\"HRK\":7.415831,\"HTG\":50.322741,\"HUF\":250.52877,\"IDR\":12276.92848,\"ILS\":5.511435,\"INR\":52.735939,\"IQD\":1751.075329,\"IRR\":10755.389034,\"ISK\":73.429342,\"JMD\":74.504852,\"JOD\":0.844594,\"JPY\":135.972021,\"KES\":87.689844,\"KGS\":48.674508,\"KHR\":4958.963807,\"KMF\":491.294523,\"KPW\":2.621373,\"KRW\":1242.885534,\"KWD\":0.347914,\"KZT\":159.272868,\"LAK\":12543.286596,\"LBP\":1792.763093,\"LKR\":120.778412,\"LRD\":58.385231,\"LSL\":7.659369,\"LTL\":3.448074,\"LVL\":0.698494,\"LYD\":1.596835,\"MAD\":10.961005,\"MDL\":14.99707,\"MKD\":61.280396,\"MMK\":7.031049,\"MNT\":1421.502874,\"MOP\":9.522243,\"MRO\":319.551553,\"MUR\":36.087636,\"MVR\":15.25333,\"MWK\":147.984915,\"MXN\":12.822121,\"MYR\":4.491993,\"NAD\":7.659369,\"NGN\":155.354969,\"NIO\":19.605543,\"NOK\":7.873171,\"NPR\":84.805775,\"NZD\":1.724023,\"OMR\":0.458192,\"PAB\":1.191666,\"PEN\":3.990889,\"PGK\":3.596771,\"PHP\":66.684966,\"PKR\":71.204973,\"PLN\":3.912637,\"PYG\":7295.969225,\"QAR\":4.337666,\"RON\":3.55011,\"RUB\":34.031385,\"RWF\":648.751305,\"SAR\":4.469822,\"SBD\":8.638114,\"SCR\":6.383246,\"SEK\":9.301233,\"SGD\":2.020761,\"SHP\":0.679219,\"SLL\":3137.498885,\"SOS\":2508.457493,\"STD\":9283.062261,\"SVC\":10.428392,\"SYP\":62.216805,\"SZL\":7.654543,\"THB\":49.050956,\"TJS\":3.318785,\"TND\":1.606347,\"TOP\":2.346311,\"TRY\":1.611502,\"TTD\":7.471034,\"TWD\":39.583328,\"TZS\":1343.598487,\"UAH\":6.024457,\"UGX\":2219.031016,\"USD\":1.191666,\"UYU\":28.874845,\"UZS\":1349.230446,\"VEF\":2.558865,\"VND\":18943.106985,\"VUV\":133.497503,\"WST\":3.234725,\"XAF\":655.457512,\"XCD\":3.20015,\"XDR\":0.826359,\"XOF\":655.457512,\"XPF\":119.199966,\"YER\":224.145557,\"ZAR\":7.648081,\"ZMK\":5362.551426}}'),
(2, '2005-10-04 00:00:00', '{\"success\":true,\"timestamp\":1128470399,\"historical\":true,\"base\":\"EUR\",\"date\":\"2005-10-04\",\"rates\":{\"AED\":4.377888,\"ALL\":122.839304,\"AMD\":524.098455,\"ANG\":2.133724,\"ARS\":3.462817,\"AUD\":1.561643,\"AWG\":2.133724,\"BBD\":2.384049,\"BDT\":78.379909,\"BGN\":1.932143,\"BHD\":0.448797,\"BIF\":1234.918619,\"BMD\":1.192024,\"BND\":2.019442,\"BOB\":9.581648,\"BRL\":2.67308,\"BSD\":1.192024,\"BTN\":52.677029,\"BWP\":6.538603,\"BYR\":2565.872004,\"BZD\":2.366168,\"CAD\":1.395018,\"CDF\":548.390977,\"CHF\":1.550651,\"CLP\":629.567101,\"CNY\":9.645847,\"COP\":2732.264468,\"CRC\":581.536926,\"CVE\":110.098002,\"CZK\":29.563446,\"DJF\":211.847769,\"DKK\":7.457652,\"DOP\":37.264243,\"DZD\":86.834094,\"EGP\":6.863929,\"ETB\":10.392329,\"EUR\":1,\"FJD\":2.038439,\"FKP\":0.677689,\"GBP\":0.677685,\"GEL\":2.138678,\"GIP\":0.678078,\"GMD\":33.739679,\"GNF\":4798.665226,\"GTQ\":9.220955,\"GYD\":214.639131,\"HKD\":9.246245,\"HNL\":22.483083,\"HRK\":7.395451,\"HTG\":50.247362,\"HUF\":250.154966,\"IDR\":12155.394541,\"ILS\":5.491784,\"INR\":52.840394,\"IQD\":1752.360497,\"IRR\":10781.195966,\"ISK\":73.37071,\"JMD\":74.543216,\"JOD\":0.845145,\"JPY\":136.238002,\"KES\":87.578469,\"KGS\":48.710042,\"KHR\":4881.63564,\"KMF\":491.236272,\"KPW\":2.623255,\"KRW\":1242.291448,\"KWD\":0.348068,\"KZT\":159.35891,\"LAK\":12428.432352,\"LBP\":1793.690136,\"LKR\":120.892165,\"LRD\":58.427771,\"LSL\":7.677933,\"LTL\":3.447665,\"LVL\":0.698612,\"LYD\":1.598356,\"MAD\":10.909708,\"MDL\":14.989757,\"MKD\":61.27313,\"MMK\":7.03766,\"MNT\":1422.517689,\"MOP\":9.524909,\"MRO\":319.71009,\"MUR\":36.076205,\"MVR\":15.257912,\"MWK\":148.0724,\"MXN\":12.741387,\"MYR\":4.494396,\"NAD\":7.680216,\"NGN\":155.284933,\"NIO\":19.515465,\"NOK\":7.878878,\"NPR\":84.958768,\"NZD\":1.715936,\"OMR\":0.45833,\"PAB\":1.192024,\"PEN\":3.991509,\"PGK\":3.584327,\"PHP\":66.758144,\"PKR\":71.190573,\"PLN\":3.92695,\"PYG\":7281.406209,\"QAR\":4.338969,\"RON\":3.548673,\"RUB\":34.001054,\"RWF\":644.632488,\"SAR\":4.471218,\"SBD\":8.625164,\"SCR\":6.386117,\"SEK\":9.30576,\"SGD\":2.01922,\"SHP\":0.677689,\"SLL\":3138.864215,\"SOS\":2503.182299,\"STD\":9282.440769,\"SVC\":10.432524,\"SYP\":62.235086,\"SZL\":7.680266,\"THB\":48.982111,\"TJS\":3.31979,\"TND\":1.606359,\"TOP\":2.350279,\"TRY\":1.612429,\"TTD\":7.473278,\"TWD\":39.676861,\"TZS\":1349.956464,\"UAH\":6.034621,\"UGX\":2225.213632,\"USD\":1.192024,\"UYU\":28.883519,\"UZS\":1349.409967,\"VEF\":2.559634,\"VND\":18950.229317,\"VUV\":133.548584,\"WST\":3.244987,\"XAF\":655.544725,\"XCD\":3.201204,\"XDR\":0.827145,\"XOF\":655.544725,\"XPF\":119.215816,\"YER\":224.178708,\"ZAR\":7.681471,\"ZMK\":5299.981981}}'),
(3, '2005-10-05 00:00:00', '{\"success\":true,\"timestamp\":1128556799,\"historical\":true,\"base\":\"EUR\",\"date\":\"2005-10-05\",\"rates\":{\"AED\":4.393679,\"ALL\":122.792982,\"AMD\":525.836337,\"ANG\":2.14142,\"ARS\":3.482717,\"AUD\":1.578767,\"AWG\":2.14142,\"BBD\":2.392648,\"BDT\":78.642055,\"BGN\":1.938273,\"BHD\":0.450416,\"BIF\":1239.636416,\"BMD\":1.196324,\"BND\":2.024525,\"BOB\":9.613401,\"BRL\":2.711522,\"BSD\":1.196324,\"BTN\":52.862345,\"BWP\":6.610996,\"BYR\":2578.163283,\"BZD\":2.374703,\"CAD\":1.410093,\"CDF\":552.161091,\"CHF\":1.550077,\"CLP\":631.237632,\"CNY\":9.680647,\"COP\":2741.321792,\"CRC\":583.808326,\"CVE\":110.411878,\"CZK\":29.621101,\"DJF\":212.611886,\"DKK\":7.463702,\"DOP\":37.632458,\"DZD\":87.594921,\"EGP\":6.889828,\"ETB\":10.429741,\"EUR\":1,\"FJD\":2.042635,\"FKP\":0.678689,\"GBP\":0.678587,\"GEL\":2.148214,\"GIP\":0.680006,\"GMD\":33.739837,\"GNF\":4911.424396,\"GTQ\":9.260514,\"GYD\":215.357758,\"HKD\":9.278583,\"HNL\":22.56484,\"HRK\":7.395411,\"HTG\":50.579442,\"HUF\":249.666242,\"IDR\":11990.155897,\"ILS\":5.504797,\"INR\":52.90238,\"IQD\":1758.228346,\"IRR\":10813.905659,\"ISK\":73.319526,\"JMD\":74.802457,\"JOD\":0.848194,\"JPY\":136.266253,\"KES\":87.574556,\"KGS\":48.873162,\"KHR\":4930.726987,\"KMF\":492.636724,\"KPW\":2.63253,\"KRW\":1242.762164,\"KWD\":0.349307,\"KZT\":159.833016,\"LAK\":12474.845332,\"LBP\":1799.928119,\"LKR\":121.201693,\"LRD\":58.623452,\"LSL\":7.812328,\"LTL\":3.457493,\"LVL\":0.700553,\"LYD\":1.600416,\"MAD\":10.955619,\"MDL\":15.043803,\"MKD\":61.447812,\"MMK\":7.048052,\"MNT\":1427.544183,\"MOP\":9.558759,\"MRO\":320.828113,\"MUR\":36.273672,\"MVR\":15.312946,\"MWK\":147.696741,\"MXN\":12.814992,\"MYR\":4.512151,\"NAD\":7.813285,\"NGN\":155.958821,\"NIO\":19.585963,\"NOK\":7.886787,\"NPR\":85.217032,\"NZD\":1.720535,\"OMR\":0.459983,\"PAB\":1.196324,\"PEN\":4.009945,\"PGK\":3.580831,\"PHP\":66.678671,\"PKR\":71.518206,\"PLN\":3.91902,\"PYG\":7298.429687,\"QAR\":4.354619,\"RON\":3.549262,\"RUB\":34.260112,\"RWF\":647.071699,\"SAR\":4.487345,\"SBD\":8.62599,\"SCR\":6.408924,\"SEK\":9.304825,\"SGD\":2.024326,\"SHP\":0.678689,\"SLL\":3150.095809,\"SOS\":2506.879474,\"STD\":9297.604614,\"SVC\":10.470128,\"SYP\":62.460046,\"SZL\":7.813912,\"THB\":49.090034,\"TJS\":3.331766,\"TND\":1.611093,\"TOP\":2.355022,\"TRY\":1.620709,\"TTD\":7.492218,\"TWD\":39.73863,\"TZS\":1357.826205,\"UAH\":6.063869,\"UGX\":2232.638679,\"USD\":1.196324,\"UYU\":28.987699,\"UZS\":1353.567384,\"VEF\":2.568866,\"VND\":19010.780059,\"VUV\":133.091053,\"WST\":3.213062,\"XAF\":656.121751,\"XCD\":3.212285,\"XDR\":0.828215,\"XOF\":656.121751,\"XPF\":119.320865,\"YER\":225.04958,\"ZAR\":7.811324,\"ZMK\":5295.229421}}'),
(4, '2020-10-05 00:00:00', '{\"success\":true,\"timestamp\":1601942399,\"historical\":true,\"base\":\"EUR\",\"date\":\"2020-10-05\",\"rates\":{\"AED\":4.331107,\"AFN\":90.644014,\"ALL\":124.101035,\"AMD\":576.100475,\"ANG\":2.116023,\"AOA\":746.023555,\"ARS\":90.726533,\"AUD\":1.639668,\"AWG\":2.122396,\"AZN\":2.002092,\"BAM\":1.961768,\"BBD\":2.380225,\"BDT\":99.954447,\"BGN\":1.956404,\"BHD\":0.444669,\"BIF\":2275.68058,\"BMD\":1.179109,\"BND\":1.60388,\"BOB\":8.140008,\"BRL\":6.573474,\"BSD\":1.178878,\"BTC\":0.000109,\"BTN\":86.35432,\"BWP\":13.488143,\"BYN\":3.094929,\"BYR\":23110.538535,\"BZD\":2.376193,\"CAD\":1.56344,\"CDF\":2317.545336,\"CHF\":1.079005,\"CLF\":0.03413,\"CLP\":941.762423,\"CNY\":8.007096,\"COP\":4515.504453,\"CRC\":710.075388,\"CUC\":1.179109,\"CUP\":31.246391,\"CVE\":110.836706,\"CZK\":27.121691,\"DJF\":209.550723,\"DKK\":7.441474,\"DOP\":69.0008,\"DZD\":151.927018,\"EGP\":18.5468,\"ERN\":17.686339,\"ETB\":43.388176,\"EUR\":1,\"FJD\":2.507729,\"FKP\":0.908288,\"GBP\":0.907566,\"GEL\":3.784566,\"GGP\":0.908288,\"GHS\":6.844744,\"GIP\":0.908288,\"GMD\":61.074788,\"GNF\":11496.313258,\"GTQ\":9.17505,\"GYD\":246.618593,\"HKD\":9.138544,\"HNL\":29.065336,\"HRK\":7.56953,\"HTG\":77.70888,\"HUF\":360.949013,\"IDR\":17437.568701,\"ILS\":4.01614,\"IMP\":0.908288,\"INR\":86.208853,\"IQD\":1403.13984,\"IRR\":49646.388911,\"ISK\":162.705575,\"JEP\":0.908288,\"JMD\":166.819366,\"JOD\":0.835973,\"JPY\":124.646033,\"KES\":127.945169,\"KGS\":93.876776,\"KHR\":4834.347658,\"KMF\":492.720152,\"KPW\":1061.23759,\"KRW\":1364.335095,\"KWD\":0.361079,\"KYD\":0.982382,\"KZT\":508.362315,\"LAK\":10883.177007,\"LBP\":1789.887612,\"LKR\":217.734217,\"LRD\":234.229961,\"LSL\":19.54997,\"LTL\":3.481602,\"LVL\":0.713232,\"LYD\":1.621227,\"MAD\":10.909703,\"MDL\":19.89276,\"MGA\":4589.681409,\"MKD\":61.662543,\"MMK\":1534.277641,\"MNT\":3368.493552,\"MOP\":9.410084,\"MRO\":420.94236,\"MUR\":46.987316,\"MVR\":18.170504,\"MWK\":884.33216,\"MXN\":25.211832,\"MYR\":4.895641,\"MZN\":85.343823,\"NAD\":19.55882,\"NGN\":451.598901,\"NIO\":40.912567,\"NOK\":10.845918,\"NPR\":138.175422,\"NZD\":1.772325,\"OMR\":0.453975,\"PAB\":1.178878,\"PEN\":4.232412,\"PGK\":4.126413,\"PHP\":57.074758,\"PKR\":194.140216,\"PLN\":4.494883,\"PYG\":8236.600634,\"QAR\":4.293118,\"RON\":4.876085,\"RSD\":117.568331,\"RUB\":92.140778,\"RWF\":1126.049199,\"SAR\":4.422647,\"SBD\":9.62939,\"SCR\":21.212492,\"SDG\":65.234216,\"SEK\":10.483338,\"SGD\":1.603347,\"SHP\":0.908288,\"SLL\":11578.85102,\"SOS\":689.778934,\"SRD\":16.689131,\"STD\":24801.159363,\"SVC\":10.315223,\"SYP\":603.552189,\"SZL\":19.549427,\"THB\":36.882442,\"TJS\":12.165469,\"TMT\":4.138673,\"TND\":3.231346,\"TOP\":2.720681,\"TRY\":9.15579,\"TTD\":8.001688,\"TWD\":33.864248,\"TZS\":2734.941232,\"UAH\":33.485833,\"UGX\":4361.646988,\"USD\":1.179109,\"UYU\":50.160258,\"UZS\":12168.40629,\"VEF\":11.776355,\"VND\":27360.047764,\"VUV\":133.865278,\"WST\":3.082073,\"XAF\":657.920596,\"XAG\":0.048386,\"XAU\":0.000616,\"XCD\":3.186602,\"XDR\":0.835995,\"XOF\":660.301031,\"XPF\":119.796422,\"YER\":295.190006,\"ZAR\":19.551518,\"ZMK\":10613.387817,\"ZMW\":23.660217,\"ZWL\":379.673524}}'),
(5, '2015-01-01 00:00:00', '{\"success\":true,\"timestamp\":1420156799,\"historical\":true,\"base\":\"EUR\",\"date\":\"2015-01-01\",\"rates\":{\"AED\":4.424436,\"AFN\":70.253785,\"ALL\":139.802156,\"AMD\":572.986119,\"ANG\":2.155656,\"AOA\":124.139616,\"ARS\":10.264209,\"AUD\":1.479147,\"AWG\":2.156234,\"AZN\":0.943844,\"BAM\":1.953172,\"BBD\":2.4092,\"BDT\":94.370482,\"BGN\":1.949355,\"BHD\":0.454486,\"BIF\":1878.445467,\"BMD\":1.2046,\"BND\":1.601809,\"BOB\":8.355974,\"BRL\":3.201309,\"BSD\":1.2046,\"BTC\":0.003836,\"BTN\":76.199902,\"BWP\":11.513825,\"BYR\":13237.92298,\"BZD\":2.416886,\"CAD\":1.402813,\"CDF\":1115.396075,\"CHF\":1.201316,\"CLF\":0.029693,\"CLP\":729.996116,\"CNY\":7.462428,\"COP\":2873.276468,\"CRC\":653.485928,\"CUP\":1.209314,\"CVE\":109.906451,\"CZK\":27.678844,\"DJF\":215.279053,\"DKK\":7.437002,\"DOP\":53.612246,\"DZD\":106.020001,\"EGP\":8.62075,\"ERN\":18.18642,\"ETB\":24.441674,\"EUR\":1,\"FJD\":2.394403,\"FKP\":0.775885,\"GBP\":0.775885,\"GEL\":2.126722,\"GGP\":0.775885,\"GHS\":3.877018,\"GIP\":0.775885,\"GMD\":51.836353,\"GNF\":8479.955253,\"GTQ\":9.191545,\"GYD\":249.72716,\"HKD\":9.341876,\"HNL\":25.426796,\"HRK\":7.657301,\"HTG\":56.295674,\"HUF\":316.813087,\"IDR\":15062.822061,\"ILS\":4.716371,\"IMP\":0.775885,\"INR\":76.253573,\"IQD\":1404.112043,\"IRR\":32688.832112,\"ISK\":153.755161,\"JEP\":0.775885,\"JMD\":138.324233,\"JOD\":0.854389,\"JPY\":144.874728,\"KES\":109.37515,\"KGS\":70.945768,\"KHR\":4913.188404,\"KMF\":491.047958,\"KPW\":1084.140114,\"KRW\":1326.06599,\"KWD\":0.353182,\"KYD\":0.999688,\"KZT\":221.032079,\"LAK\":9792.154279,\"LBP\":1825.531339,\"LKR\":158.13641,\"LRD\":110.20989,\"LSL\":14.008283,\"LTL\":3.450086,\"LVL\":0.701611,\"LYD\":1.452733,\"MAD\":10.948302,\"MDL\":18.875217,\"MGA\":3106.282232,\"MKD\":60.965993,\"MMK\":1244.773522,\"MNT\":2270.068939,\"MOP\":9.662881,\"MRO\":353.309215,\"MUR\":38.21942,\"MVR\":18.461581,\"MWK\":569.065146,\"MXN\":17.794401,\"MYR\":4.234989,\"MZN\":40.615101,\"NAD\":14.008283,\"NGN\":221.478983,\"NIO\":32.122734,\"NOK\":9.036507,\"NPR\":122.174473,\"NZD\":1.553273,\"OMR\":0.46379,\"PAB\":1.2046,\"PEN\":3.612873,\"PGK\":3.131387,\"PHP\":53.908686,\"PKR\":121.677382,\"PLN\":4.296944,\"PYG\":5606.722946,\"QAR\":4.386418,\"RON\":4.482389,\"RSD\":120.856651,\"RUB\":72.773026,\"RWF\":834.664344,\"SAR\":4.521888,\"SBD\":9.077675,\"SCR\":15.936845,\"SDG\":6.885635,\"SEK\":9.432315,\"SGD\":1.599431,\"SHP\":0.775885,\"SLL\":5083.412536,\"SOS\":865.263326,\"SRD\":3.960123,\"STD\":24438.525843,\"SVC\":10.606721,\"SYP\":216.401152,\"SZL\":14.008403,\"THB\":39.699235,\"TJS\":6.286808,\"TMT\":3.433231,\"TND\":2.25047,\"TOP\":2.376233,\"TRY\":2.822844,\"TTD\":7.713055,\"TWD\":38.252872,\"TZS\":2092.832087,\"UAH\":19.134591,\"UGX\":3351.237706,\"USD\":1.2046,\"UYU\":29.212324,\"UZS\":2925.090296,\"VEF\":7.607803,\"VND\":25779.647317,\"VUV\":124.013583,\"WST\":2.89854,\"XAF\":655.644577,\"XAG\":0.076716,\"XAU\":0.001015,\"XCD\":3.254155,\"XDR\":0.833236,\"XOF\":655.845239,\"XPF\":119.000977,\"YER\":258.938434,\"ZAR\":14.006163,\"ZMK\":6327.855119,\"ZMW\":7.731093,\"ZWL\":388.308881}}'),
(6, '2020-05-14 00:00:00', '{\"success\":true,\"timestamp\":1589500799,\"historical\":true,\"base\":\"EUR\",\"date\":\"2020-05-14\",\"rates\":{\"AED\":3.969379,\"AFN\":82.832894,\"ALL\":123.573374,\"AMD\":528.333986,\"ANG\":1.94125,\"AOA\":595.909026,\"ARS\":73.035036,\"AUD\":1.670163,\"AWG\":1.945189,\"AZN\":1.839865,\"BAM\":1.959948,\"BBD\":2.183569,\"BDT\":91.861829,\"BGN\":1.956108,\"BHD\":0.408264,\"BIF\":2062.980948,\"BMD\":1.080661,\"BND\":1.540143,\"BOB\":7.456642,\"BRL\":6.279732,\"BSD\":1.081512,\"BTC\":0.00011,\"BTN\":81.616455,\"BWP\":13.23651,\"BYN\":2.65369,\"BYR\":21180.946347,\"BZD\":2.17978,\"CAD\":1.516761,\"CDF\":1960.317981,\"CHF\":1.051805,\"CLF\":0.032205,\"CLP\":888.625357,\"CNY\":7.668151,\"COP\":4259.974608,\"CRC\":615.474531,\"CUC\":1.080661,\"CUP\":28.637504,\"CVE\":110.822232,\"CZK\":27.610336,\"DJF\":192.054745,\"DKK\":7.456298,\"DOP\":59.538911,\"DZD\":139.202038,\"EGP\":17.008841,\"ERN\":16.210186,\"ETB\":36.521756,\"EUR\":1,\"FJD\":2.436778,\"FKP\":0.883407,\"GBP\":0.883439,\"GEL\":3.474343,\"GGP\":0.883407,\"GHS\":6.245808,\"GIP\":0.883407,\"GMD\":55.600337,\"GNF\":10212.241921,\"GTQ\":8.325369,\"GYD\":225.812803,\"HKD\":8.376443,\"HNL\":26.994632,\"HRK\":7.572618,\"HTG\":114.691032,\"HUF\":354.24422,\"IDR\":16014.711449,\"ILS\":3.832034,\"IMP\":0.883407,\"INR\":81.584496,\"IQD\":1285.986028,\"IRR\":45501.211505,\"ISK\":158.295774,\"JEP\":0.883407,\"JMD\":157.866521,\"JOD\":0.765864,\"JPY\":116.028906,\"KES\":115.361117,\"KGS\":82.216816,\"KHR\":4425.304741,\"KMF\":493.051632,\"KPW\":972.648738,\"KRW\":1326.467783,\"KWD\":0.333979,\"KYD\":0.901227,\"KZT\":457.817067,\"LAK\":9732.428959,\"LBP\":1634.191496,\"LKR\":203.037926,\"LRD\":214.375992,\"LSL\":19.88351,\"LTL\":3.190909,\"LVL\":0.653681,\"LYD\":1.529103,\"MAD\":10.66882,\"MDL\":19.249523,\"MGA\":4122.720144,\"MKD\":61.613889,\"MMK\":1525.893756,\"MNT\":3021.754595,\"MOP\":8.633278,\"MRO\":385.795824,\"MUR\":43.279821,\"MVR\":16.695716,\"MWK\":794.285947,\"MXN\":25.791369,\"MYR\":4.69061,\"MZN\":73.80952,\"NAD\":19.873751,\"NGN\":421.457685,\"NIO\":36.529169,\"NOK\":10.964813,\"NPR\":130.58597,\"NZD\":1.797474,\"OMR\":0.416024,\"PAB\":1.081512,\"PEN\":3.735413,\"PGK\":3.695795,\"PHP\":54.708428,\"PKR\":173.660471,\"PLN\":4.560306,\"PYG\":7095.470598,\"QAR\":3.934741,\"RON\":4.840819,\"RSD\":117.607953,\"RUB\":79.476853,\"RWF\":1010.417594,\"SAR\":4.060843,\"SBD\":9.047144,\"SCR\":19.45192,\"SDG\":59.787536,\"SEK\":10.587338,\"SGD\":1.53724,\"SHP\":0.883407,\"SLL\":10649.909552,\"SOS\":630.025185,\"SRD\":8.059533,\"STD\":23829.313612,\"SVC\":9.462882,\"SYP\":554.397417,\"SZL\":20.024655,\"THB\":34.667512,\"TJS\":11.095052,\"TMT\":3.782312,\"TND\":3.137428,\"TOP\":2.506273,\"TRY\":7.484979,\"TTD\":7.290387,\"TWD\":32.302054,\"TZS\":2502.458531,\"UAH\":28.84487,\"UGX\":4095.228563,\"USD\":1.080661,\"UYU\":47.139479,\"UZS\":10922.779805,\"VEF\":10.793101,\"VND\":25217.753749,\"VUV\":131.123999,\"WST\":2.983036,\"XAF\":657.344197,\"XAG\":0.068077,\"XAU\":0.000624,\"XCD\":2.920539,\"XDR\":0.79366,\"XOF\":655.961212,\"XPF\":119.818241,\"YER\":270.570412,\"ZAR\":19.916292,\"ZMK\":9727.225946,\"ZMW\":19.76284,\"ZWL\":347.972691}}'),
(7, '2020-11-19 00:00:00', '{\"success\":true,\"timestamp\":1605830399,\"historical\":true,\"base\":\"EUR\",\"date\":\"2020-11-19\",\"rates\":{\"AED\":4.358662,\"AFN\":91.42836,\"ALL\":123.793409,\"AMD\":594.279555,\"ANG\":2.130012,\"AOA\":787.697087,\"ARS\":95.276095,\"AUD\":1.632418,\"AWG\":2.135903,\"AZN\":2.016611,\"BAM\":1.960535,\"BBD\":2.376503,\"BDT\":100.560726,\"BGN\":1.954932,\"BHD\":0.447448,\"BIF\":2304.40174,\"BMD\":1.186613,\"BND\":1.597133,\"BOB\":8.181835,\"BRL\":6.296142,\"BSD\":1.186648,\"BTC\":6.6556489e-5,\"BTN\":88.043687,\"BWP\":13.214312,\"BYN\":3.039995,\"BYR\":23257.60767,\"BZD\":2.37921,\"CAD\":1.552807,\"CDF\":2332.880181,\"CHF\":1.081206,\"CLF\":0.032649,\"CLP\":900.874908,\"CNY\":7.812062,\"COP\":4331.076792,\"CRC\":724.398413,\"CUC\":1.186613,\"CUP\":31.445235,\"CVE\":110.960292,\"CZK\":26.347073,\"DJF\":210.884329,\"DKK\":7.451334,\"DOP\":66.89525,\"DZD\":152.482348,\"EGP\":18.514007,\"ERN\":17.798718,\"ETB\":44.972258,\"EUR\":1,\"FJD\":2.486132,\"FKP\":0.895675,\"GBP\":0.895661,\"GEL\":3.921711,\"GGP\":0.895675,\"GHS\":6.912043,\"GIP\":0.895675,\"GMD\":61.407153,\"GNF\":11634.73692,\"GTQ\":9.237869,\"GYD\":248.185596,\"HKD\":9.19963,\"HNL\":28.823046,\"HRK\":7.564635,\"HTG\":76.265021,\"HUF\":359.122398,\"IDR\":16838.804606,\"ILS\":3.97314,\"IMP\":0.895675,\"INR\":87.931677,\"IQD\":1412.662343,\"IRR\":49962.325139,\"ISK\":161.284143,\"JEP\":0.895675,\"JMD\":174.564921,\"JOD\":0.841341,\"JPY\":123.201214,\"KES\":129.767612,\"KGS\":100.603511,\"KHR\":4817.647065,\"KMF\":492.148043,\"KPW\":1068.021769,\"KRW\":1322.200924,\"KWD\":0.362391,\"KYD\":0.988873,\"KZT\":508.750902,\"LAK\":11011.765597,\"LBP\":1800.37297,\"LKR\":219.555791,\"LRD\":185.02255,\"LSL\":18.28594,\"LTL\":3.503759,\"LVL\":0.71777,\"LYD\":1.602283,\"MAD\":10.813629,\"MDL\":20.379908,\"MGA\":4657.455209,\"MKD\":61.581923,\"MMK\":1552.109056,\"MNT\":3377.147596,\"MOP\":9.47574,\"MRO\":423.621322,\"MUR\":47.167981,\"MVR\":18.27544,\"MWK\":904.793452,\"MXN\":24.027005,\"MYR\":4.864518,\"MZN\":87.619996,\"NAD\":18.285199,\"NGN\":452.691429,\"NIO\":41.353139,\"NOK\":10.698856,\"NPR\":140.87006,\"NZD\":1.71831,\"OMR\":0.456857,\"PAB\":1.186648,\"PEN\":4.244493,\"PGK\":4.188418,\"PHP\":57.325954,\"PKR\":190.273798,\"PLN\":4.468431,\"PYG\":8349.13628,\"QAR\":4.320433,\"RON\":4.872585,\"RSD\":117.563629,\"RUB\":90.42012,\"RWF\":1171.779978,\"SAR\":4.450288,\"SBD\":9.573348,\"SCR\":24.641563,\"SDG\":65.617124,\"SEK\":10.214225,\"SGD\":1.596705,\"SHP\":0.895675,\"SLL\":11851.294407,\"SOS\":689.422227,\"SRD\":16.795369,\"STD\":24956.725443,\"SVC\":10.382917,\"SYP\":608.618669,\"SZL\":18.285754,\"THB\":36.048723,\"TJS\":13.441557,\"TMT\":4.153144,\"TND\":3.255469,\"TOP\":2.723868,\"TRY\":8.952516,\"TTD\":8.054429,\"TWD\":33.820788,\"TZS\":2751.793842,\"UAH\":33.637924,\"UGX\":4396.450614,\"USD\":1.186613,\"UYU\":50.74578,\"UZS\":12334.838483,\"VEF\":11.851295,\"VND\":27502.714376,\"VUV\":132.847237,\"WST\":3.061017,\"XAF\":657.534954,\"XAG\":0.049512,\"XAU\":0.000637,\"XCD\":3.20688,\"XDR\":0.832398,\"XOF\":658.569785,\"XPF\":119.669957,\"YER\":297.038768,\"ZAR\":18.313883,\"ZMK\":10680.934867,\"ZMW\":24.853945,\"ZWL\":382.089199}}'),
(8, '2020-11-12 00:00:00', '{\"success\":true,\"timestamp\":1605225599,\"historical\":true,\"base\":\"EUR\",\"date\":\"2020-11-12\",\"rates\":{\"AED\":4.335735,\"AFN\":90.888299,\"ALL\":123.643867,\"AMD\":584.967293,\"ANG\":2.118905,\"AOA\":786.600393,\"ARS\":93.843312,\"AUD\":1.630628,\"AWG\":2.124666,\"AZN\":2.006349,\"BAM\":1.95482,\"BBD\":2.383368,\"BDT\":100.105967,\"BGN\":1.955655,\"BHD\":0.445076,\"BIF\":2291.09817,\"BMD\":1.18037,\"BND\":1.592104,\"BOB\":8.150788,\"BRL\":6.442693,\"BSD\":1.18039,\"BTC\":7.2451163e-5,\"BTN\":88.088977,\"BWP\":13.218669,\"BYN\":3.029934,\"BYR\":23135.251997,\"BZD\":2.37937,\"CAD\":1.550847,\"CDF\":2319.427255,\"CHF\":1.080007,\"CLF\":0.032558,\"CLP\":898.360839,\"CNY\":7.80496,\"COP\":4301.327298,\"CRC\":724.925368,\"CUC\":1.18037,\"CUP\":31.279805,\"CVE\":110.689192,\"CZK\":26.499428,\"DJF\":209.775305,\"DKK\":7.446247,\"DOP\":69.039249,\"DZD\":151.813329,\"EGP\":18.465352,\"ERN\":17.705251,\"ETB\":44.606406,\"EUR\":1,\"FJD\":2.488244,\"FKP\":0.899623,\"GBP\":0.899501,\"GEL\":3.877479,\"GGP\":0.899623,\"GHS\":6.922897,\"GIP\":0.899623,\"GMD\":61.083765,\"GNF\":11538.11706,\"GTQ\":9.186652,\"GYD\":246.862425,\"HKD\":9.152648,\"HNL\":28.795894,\"HRK\":7.573023,\"HTG\":74.669412,\"HUF\":354.842675,\"IDR\":16692.747346,\"ILS\":3.97767,\"IMP\":0.899623,\"INR\":88.39496,\"IQD\":1404.6403,\"IRR\":49699.478581,\"ISK\":161.899285,\"JEP\":0.899623,\"JMD\":174.684725,\"JOD\":0.836904,\"JPY\":124.04861,\"KES\":128.837585,\"KGS\":99.751063,\"KHR\":4792.301999,\"KMF\":492.066748,\"KPW\":1062.377519,\"KRW\":1316.45505,\"KWD\":0.360488,\"KYD\":0.983692,\"KZT\":506.328336,\"LAK\":10953.833905,\"LBP\":1785.939478,\"LKR\":217.910179,\"LRD\":197.564448,\"LSL\":18.354241,\"LTL\":3.485326,\"LVL\":0.713994,\"LYD\":1.605533,\"MAD\":10.800979,\"MDL\":20.185269,\"MGA\":4597.541436,\"MKD\":61.598301,\"MMK\":1528.676301,\"MNT\":3351.212279,\"MOP\":9.427847,\"MRO\":421.392697,\"MUR\":47.037167,\"MVR\":18.185862,\"MWK\":897.081008,\"MXN\":24.325891,\"MYR\":4.875518,\"MZN\":86.768944,\"NAD\":18.333909,\"NGN\":447.949997,\"NIO\":41.708414,\"NOK\":10.826773,\"NPR\":140.94455,\"NZD\":1.726244,\"OMR\":0.454431,\"PAB\":1.18039,\"PEN\":4.299495,\"PGK\":4.140152,\"PHP\":57.301086,\"PKR\":187.089689,\"PLN\":4.490423,\"PYG\":8299.710815,\"QAR\":4.29773,\"RON\":4.866631,\"RSD\":117.55282,\"RUB\":91.017741,\"RWF\":1159.713525,\"SAR\":4.426472,\"SBD\":9.547815,\"SCR\":24.256657,\"SDG\":65.278898,\"SEK\":10.204311,\"SGD\":1.592081,\"SHP\":0.899623,\"SLL\":11818.458177,\"SOS\":690.515874,\"SRD\":16.706983,\"STD\":24825.4309,\"SVC\":10.328662,\"SYP\":605.495501,\"SZL\":18.414913,\"THB\":35.672553,\"TJS\":13.37129,\"TMT\":4.131295,\"TND\":3.238961,\"TOP\":2.712021,\"TRY\":9.070984,\"TTD\":8.009461,\"TWD\":33.567347,\"TZS\":2737.405551,\"UAH\":33.298892,\"UGX\":4367.542909,\"USD\":1.18037,\"UYU\":50.421943,\"UZS\":12255.782062,\"VEF\":11.788946,\"VND\":27355.664931,\"VUV\":132.309359,\"WST\":3.062636,\"XAF\":655.640392,\"XAG\":0.048641,\"XAU\":0.000629,\"XCD\":3.190009,\"XDR\":0.832398,\"XOF\":656.893874,\"XPF\":119.660065,\"YER\":295.505891,\"ZAR\":18.466476,\"ZMK\":10624.745192,\"ZMW\":24.643465,\"ZWL\":380.07907}}'),
(9, '2020-05-13 00:00:00', '{\"success\":true,\"timestamp\":1589414399,\"historical\":true,\"base\":\"EUR\",\"date\":\"2020-05-13\",\"rates\":{\"AED\":3.974774,\"AFN\":82.569547,\"ALL\":123.678554,\"AMD\":527.711622,\"ANG\":1.942886,\"AOA\":596.722501,\"ARS\":73.031928,\"AUD\":1.676653,\"AWG\":1.947835,\"AZN\":1.828273,\"BAM\":1.948395,\"BBD\":2.18546,\"BDT\":91.944034,\"BGN\":1.956317,\"BHD\":0.408568,\"BIF\":2064.705108,\"BMD\":1.082131,\"BND\":1.532524,\"BOB\":7.46312,\"BRL\":6.371475,\"BSD\":1.08237,\"BTC\":0.000116,\"BTN\":81.497806,\"BWP\":13.135872,\"BYN\":2.644207,\"BYR\":21209.75897,\"BZD\":2.181754,\"CAD\":1.524884,\"CDF\":1960.820371,\"CHF\":1.051813,\"CLF\":0.032052,\"CLP\":884.420181,\"CNY\":7.674901,\"COP\":4228.977049,\"CRC\":615.839939,\"CUC\":1.082131,\"CUP\":28.67646,\"CVE\":110.539845,\"CZK\":27.469874,\"DJF\":192.316171,\"DKK\":7.455984,\"DOP\":59.628064,\"DZD\":139.324362,\"EGP\":17.041379,\"ERN\":16.232069,\"ETB\":36.532164,\"EUR\":1,\"FJD\":2.439501,\"FKP\":0.884087,\"GBP\":0.88403,\"GEL\":3.479042,\"GGP\":0.884087,\"GHS\":6.232718,\"GIP\":0.884087,\"GMD\":55.730222,\"GNF\":10231.54489,\"GTQ\":8.331629,\"GYD\":226.495683,\"HKD\":8.387648,\"HNL\":27.053123,\"HRK\":7.571345,\"HTG\":114.694264,\"HUF\":354.051707,\"IDR\":16080.833452,\"ILS\":3.817454,\"IMP\":0.884087,\"INR\":81.631818,\"IQD\":1288.817497,\"IRR\":45563.107367,\"ISK\":158.29402,\"JEP\":0.884087,\"JMD\":158.029954,\"JOD\":0.767122,\"JPY\":115.716565,\"KES\":115.235674,\"KGS\":83.259033,\"KHR\":4455.131701,\"KMF\":490.97801,\"KPW\":973.989709,\"KRW\":1328.369062,\"KWD\":0.334541,\"KYD\":0.901958,\"KZT\":456.800055,\"LAK\":9741.339756,\"LBP\":1637.40941,\"LKR\":203.760834,\"LRD\":214.804813,\"LSL\":19.918798,\"LTL\":3.19525,\"LVL\":0.654569,\"LYD\":1.53647,\"MAD\":10.648705,\"MDL\":19.34848,\"MGA\":4122.917151,\"MKD\":61.621581,\"MMK\":1530.506273,\"MNT\":3026.385736,\"MOP\":8.640029,\"MRO\":386.320625,\"MUR\":43.124207,\"MVR\":16.774802,\"MWK\":798.051519,\"MXN\":26.180203,\"MYR\":4.686163,\"MZN\":73.828384,\"NAD\":19.900097,\"NGN\":422.03095,\"NIO\":36.553982,\"NOK\":10.992174,\"NPR\":130.396397,\"NZD\":1.80413,\"OMR\":0.416591,\"PAB\":1.08237,\"PEN\":3.720909,\"PGK\":3.673869,\"PHP\":54.44031,\"PKR\":173.898557,\"PLN\":4.565996,\"PYG\":7092.43508,\"QAR\":3.939999,\"RON\":4.834631,\"RSD\":117.589687,\"RUB\":80.059052,\"RWF\":1011.792073,\"SAR\":4.065452,\"SBD\":9.006646,\"SCR\":16.757635,\"SDG\":59.839508,\"SEK\":10.618249,\"SGD\":1.535974,\"SHP\":0.884087,\"SLL\":10658.985639,\"SOS\":630.882025,\"SRD\":8.070521,\"STD\":23861.728832,\"SVC\":9.470859,\"SYP\":555.146029,\"SZL\":20.051755,\"THB\":34.703705,\"TJS\":11.114053,\"TMT\":3.787457,\"TND\":3.135472,\"TOP\":2.500153,\"TRY\":7.545242,\"TTD\":7.337699,\"TWD\":32.363305,\"TZS\":2505.239761,\"UAH\":28.872887,\"UGX\":4102.207943,\"USD\":1.082131,\"UYU\":47.235747,\"UZS\":10939.258423,\"VEF\":10.807777,\"VND\":25252.057676,\"VUV\":130.875409,\"WST\":2.981292,\"XAF\":653.463364,\"XAG\":0.069361,\"XAU\":0.00063,\"XCD\":2.924512,\"XDR\":0.794767,\"XOF\":654.158613,\"XPF\":119.668448,\"YER\":270.884336,\"ZAR\":20.017257,\"ZMK\":9740.471051,\"ZMW\":19.482972,\"ZWL\":348.446041}}'),
(10, '2020-11-18 00:00:00', '{\"success\":true,\"timestamp\":1605743999,\"historical\":true,\"base\":\"EUR\",\"date\":\"2020-11-18\",\"rates\":{\"AED\":4.351748,\"AFN\":91.283043,\"ALL\":123.596799,\"AMD\":590.943118,\"ANG\":2.127506,\"AOA\":787.446635,\"ARS\":94.895118,\"AUD\":1.622699,\"AWG\":2.132512,\"AZN\":2.008199,\"BAM\":1.952532,\"BBD\":2.393158,\"BDT\":100.504336,\"BGN\":1.952719,\"BHD\":0.446705,\"BIF\":2299.558689,\"BMD\":1.184729,\"BND\":1.589615,\"BOB\":8.172396,\"BRL\":6.353936,\"BSD\":1.185298,\"BTC\":6.6554333e-5,\"BTN\":87.934168,\"BWP\":13.140504,\"BYN\":3.023457,\"BYR\":23220.685366,\"BZD\":2.389164,\"CAD\":1.550224,\"CDF\":2329.17738,\"CHF\":1.080366,\"CLF\":0.032558,\"CLP\":898.381754,\"CNY\":7.772412,\"COP\":4316.559547,\"CRC\":723.557821,\"CUC\":1.184729,\"CUP\":31.395314,\"CVE\":110.544687,\"CZK\":26.353286,\"DJF\":210.549975,\"DKK\":7.452336,\"DOP\":69.223834,\"DZD\":152.234183,\"EGP\":18.509374,\"ERN\":17.771039,\"ETB\":44.853286,\"EUR\":1,\"FJD\":2.478038,\"FKP\":0.893319,\"GBP\":0.89373,\"GEL\":3.89491,\"GGP\":0.893319,\"GHS\":6.901085,\"GIP\":0.893319,\"GMD\":61.309853,\"GNF\":11616.266212,\"GTQ\":9.227314,\"GYD\":247.531888,\"HKD\":9.184646,\"HNL\":28.860153,\"HRK\":7.564376,\"HTG\":75.797968,\"HUF\":360.42416,\"IDR\":16718.301099,\"ILS\":3.9907,\"IMP\":0.893319,\"INR\":88.194179,\"IQD\":1412.196783,\"IRR\":49883.008169,\"ISK\":161.484286,\"JEP\":0.893319,\"JMD\":173.640699,\"JOD\":0.83991,\"JPY\":123.08737,\"KES\":129.604426,\"KGS\":100.432423,\"KHR\":4809.999517,\"KMF\":491.662411,\"KPW\":1066.324997,\"KRW\":1311.375044,\"KWD\":0.361813,\"KYD\":0.987632,\"KZT\":507.109849,\"LAK\":10994.284349,\"LBP\":1793.023205,\"LKR\":218.922712,\"LRD\":184.906524,\"LSL\":18.256831,\"LTL\":3.498196,\"LVL\":0.716631,\"LYD\":1.599188,\"MAD\":10.795847,\"MDL\":20.327693,\"MGA\":4703.373578,\"MKD\":61.587908,\"MMK\":1545.583017,\"MNT\":3367.061957,\"MOP\":9.464733,\"MRO\":422.948807,\"MUR\":47.092269,\"MVR\":18.243052,\"MWK\":900.393885,\"MXN\":24.069627,\"MYR\":4.84321,\"MZN\":87.427058,\"NAD\":18.256947,\"NGN\":451.382019,\"NIO\":41.263871,\"NOK\":10.68708,\"NPR\":140.69435,\"NZD\":1.711743,\"OMR\":0.456133,\"PAB\":1.185198,\"PEN\":4.231835,\"PGK\":4.161358,\"PHP\":57.015041,\"PKR\":188.194078,\"PLN\":4.46644,\"PYG\":8341.909474,\"QAR\":4.31361,\"RON\":4.871485,\"RSD\":117.519197,\"RUB\":89.943903,\"RWF\":1171.104463,\"SAR\":4.443658,\"SBD\":9.55815,\"SCR\":24.601768,\"SDG\":65.513978,\"SEK\":10.190681,\"SGD\":1.590605,\"SHP\":0.893319,\"SLL\":11841.36525,\"SOS\":688.327424,\"SRD\":16.768621,\"STD\":24917.105726,\"SVC\":10.370483,\"SYP\":607.653191,\"SZL\":18.256945,\"THB\":35.94424,\"TJS\":13.423409,\"TMT\":4.146551,\"TND\":3.250299,\"TOP\":2.718301,\"TRY\":9.134698,\"TTD\":8.060784,\"TWD\":33.802696,\"TZS\":2747.386166,\"UAH\":33.359356,\"UGX\":4403.262341,\"USD\":1.184729,\"UYU\":50.806182,\"UZS\":12303.409139,\"VEF\":11.832477,\"VND\":27444.243699,\"VUV\":132.615051,\"WST\":3.038644,\"XAF\":654.859152,\"XAG\":0.048758,\"XAU\":0.000633,\"XCD\":3.201789,\"XDR\":0.831606,\"XOF\":657.524643,\"XPF\":119.536736,\"YER\":296.658325,\"ZAR\":18.314865,\"ZMK\":10663.980594,\"ZMW\":24.813487,\"ZWL\":381.482618}}'),
(11, '2020-11-17 00:00:00', '{\"success\":true,\"timestamp\":1605657599,\"historical\":true,\"base\":\"EUR\",\"date\":\"2020-11-17\",\"rates\":{\"AED\":4.357512,\"AFN\":91.347695,\"ALL\":123.730409,\"AMD\":590.057613,\"ANG\":2.129947,\"AOA\":790.181919,\"ARS\":94.945279,\"AUD\":1.626047,\"AWG\":2.135396,\"AZN\":2.023987,\"BAM\":1.953888,\"BBD\":2.395819,\"BDT\":100.616965,\"BGN\":1.955845,\"BHD\":0.447319,\"BIF\":2301.482321,\"BMD\":1.186331,\"BND\":1.593603,\"BOB\":8.193389,\"BRL\":6.321601,\"BSD\":1.186621,\"BTC\":6.7128911e-5,\"BTN\":88.387421,\"BWP\":13.155216,\"BYN\":3.035084,\"BYR\":23252.089426,\"BZD\":2.391803,\"CAD\":1.554788,\"CDF\":2331.140952,\"CHF\":1.080983,\"CLF\":0.032813,\"CLP\":905.413571,\"CNY\":7.778294,\"COP\":4323.583669,\"CRC\":726.178366,\"CUC\":1.186331,\"CUP\":31.437774,\"CVE\":110.744342,\"CZK\":26.487567,\"DJF\":210.835097,\"DKK\":7.448025,\"DOP\":66.998051,\"DZD\":152.44042,\"EGP\":18.541204,\"ERN\":17.794674,\"ETB\":44.932268,\"EUR\":1,\"FJD\":2.487141,\"FKP\":0.894879,\"GBP\":0.89479,\"GEL\":3.926365,\"GGP\":0.894879,\"GHS\":6.91585,\"GIP\":0.894879,\"GMD\":61.428428,\"GNF\":11626.044567,\"GTQ\":9.234645,\"GYD\":248.063489,\"HKD\":9.197079,\"HNL\":28.86358,\"HRK\":7.566299,\"HTG\":75.882313,\"HUF\":361.537368,\"IDR\":16655.015347,\"ILS\":3.996097,\"IMP\":0.894879,\"INR\":88.35788,\"IQD\":1412.920332,\"IRR\":49950.470491,\"ISK\":161.483779,\"JEP\":0.894879,\"JMD\":175.021124,\"JOD\":0.841082,\"JPY\":123.594941,\"KES\":129.607043,\"KGS\":100.60252,\"KHR\":4820.063426,\"KMF\":492.327616,\"KPW\":1067.775074,\"KRW\":1312.02327,\"KWD\":0.362305,\"KYD\":0.988801,\"KZT\":509.149745,\"LAK\":10991.357591,\"LBP\":1801.451591,\"LKR\":219.756666,\"LRD\":185.054298,\"LSL\":18.270703,\"LTL\":3.502927,\"LVL\":0.7176,\"LYD\":1.595619,\"MAD\":10.827941,\"MDL\":20.314613,\"MGA\":4715.666357,\"MKD\":61.617654,\"MMK\":1541.381572,\"MNT\":3355.544985,\"MOP\":9.475544,\"MRO\":423.520811,\"MUR\":47.330397,\"MVR\":18.281695,\"MWK\":900.424798,\"MXN\":24.063409,\"MYR\":4.869871,\"MZN\":87.48045,\"NAD\":18.274562,\"NGN\":452.583172,\"NIO\":41.295874,\"NOK\":10.758042,\"NPR\":141.420273,\"NZD\":1.721816,\"OMR\":0.456749,\"PAB\":1.186621,\"PEN\":4.273756,\"PGK\":4.164155,\"PHP\":57.270112,\"PKR\":187.618268,\"PLN\":4.488549,\"PYG\":8341.340549,\"QAR\":4.319399,\"RON\":4.872852,\"RSD\":117.553711,\"RUB\":90.45122,\"RWF\":1165.570299,\"SAR\":4.449532,\"SBD\":9.609858,\"SCR\":24.409611,\"SDG\":65.633826,\"SEK\":10.230569,\"SGD\":1.592531,\"SHP\":0.894879,\"SLL\":11845.516464,\"SOS\":691.630785,\"SRD\":16.791357,\"STD\":24950.804055,\"SVC\":10.382595,\"SYP\":608.506459,\"SZL\":18.272308,\"THB\":35.779946,\"TJS\":13.44113,\"TMT\":4.164022,\"TND\":3.260634,\"TOP\":2.723519,\"TRY\":9.136025,\"TTD\":8.062388,\"TWD\":33.829352,\"TZS\":2751.101742,\"UAH\":33.370139,\"UGX\":4390.400067,\"USD\":1.186331,\"UYU\":50.993895,\"UZS\":12325.980218,\"VEF\":11.848483,\"VND\":27480.173442,\"VUV\":132.798866,\"WST\":3.055739,\"XAF\":655.278205,\"XAG\":0.048425,\"XAU\":0.00063,\"XCD\":3.206119,\"XDR\":0.834735,\"XOF\":660.786749,\"XPF\":119.671189,\"YER\":297.027673,\"ZAR\":18.220854,\"ZMK\":10678.425107,\"ZMW\":24.829417,\"ZWL\":381.998542}}'),
(12, '2020-11-10 00:00:00', '{\"success\":true,\"timestamp\":1605052799,\"historical\":true,\"base\":\"EUR\",\"date\":\"2020-11-10\",\"rates\":{\"AED\":4.340687,\"AFN\":91.051493,\"ALL\":123.486333,\"AMD\":583.922479,\"ANG\":2.120047,\"AOA\":786.770645,\"ARS\":93.808035,\"AUD\":1.623062,\"AWG\":2.127094,\"AZN\":2.00209,\"BAM\":1.957426,\"BBD\":2.384685,\"BDT\":100.155882,\"BGN\":1.955724,\"BHD\":0.445581,\"BIF\":2292.534491,\"BMD\":1.181719,\"BND\":1.592639,\"BOB\":8.14358,\"BRL\":6.399486,\"BSD\":1.181083,\"BTC\":7.724312e-5,\"BTN\":87.664583,\"BWP\":13.15235,\"BYN\":3.015459,\"BYR\":23161.688676,\"BZD\":2.380642,\"CAD\":1.540057,\"CDF\":2323.259444,\"CHF\":1.081503,\"CLF\":0.032317,\"CLP\":891.720417,\"CNY\":7.818016,\"COP\":4312.091938,\"CRC\":724.975707,\"CUC\":1.181719,\"CUP\":31.315548,\"CVE\":110.63843,\"CZK\":26.420517,\"DJF\":210.014765,\"DKK\":7.445679,\"DOP\":69.083285,\"DZD\":151.835144,\"EGP\":18.494018,\"ERN\":17.725805,\"ETB\":44.598556,\"EUR\":1,\"FJD\":2.487401,\"FKP\":0.891195,\"GBP\":0.891199,\"GEL\":3.935245,\"GGP\":0.891195,\"GHS\":6.883475,\"GIP\":0.891195,\"GMD\":61.211885,\"GNF\":11521.758557,\"GTQ\":9.195417,\"GYD\":246.785455,\"HKD\":9.162989,\"HNL\":29.034709,\"HRK\":7.561703,\"HTG\":76.355922,\"HUF\":356.09562,\"IDR\":16723.684599,\"ILS\":3.997246,\"IMP\":0.891195,\"INR\":88.023279,\"IQD\":1406.245384,\"IRR\":49756.270506,\"ISK\":162.415414,\"JEP\":0.891195,\"JMD\":173.017041,\"JOD\":0.837805,\"JPY\":124.388949,\"KES\":128.748241,\"KGS\":99.047415,\"KHR\":4809.595376,\"KMF\":492.008215,\"KPW\":1063.581149,\"KRW\":1320.145249,\"KWD\":0.360898,\"KYD\":0.984219,\"KZT\":506.523832,\"LAK\":10936.807428,\"LBP\":1795.030914,\"LKR\":217.941286,\"LRD\":204.732679,\"LSL\":18.139164,\"LTL\":3.489309,\"LVL\":0.71481,\"LYD\":1.61306,\"MAD\":10.818673,\"MDL\":20.213886,\"MGA\":4590.977406,\"MKD\":61.60399,\"MMK\":1531.287593,\"MNT\":3355.51975,\"MOP\":9.433333,\"MRO\":421.874223,\"MUR\":47.33983,\"MVR\":18.20981,\"MWK\":898.106752,\"MXN\":24.040225,\"MYR\":4.854564,\"MZN\":86.779528,\"NAD\":18.13956,\"NGN\":449.053032,\"NIO\":41.73836,\"NOK\":10.641259,\"NPR\":140.264961,\"NZD\":1.730929,\"OMR\":0.454939,\"PAB\":1.181083,\"PEN\":4.284897,\"PGK\":4.141968,\"PHP\":57.142063,\"PKR\":187.83433,\"PLN\":4.500399,\"PYG\":8301.411129,\"QAR\":4.302602,\"RON\":4.866551,\"RSD\":117.557297,\"RUB\":90.396645,\"RWF\":1152.17584,\"SAR\":4.432145,\"SBD\":9.574223,\"SCR\":24.217311,\"SDG\":65.348327,\"SEK\":10.178157,\"SGD\":1.59355,\"SHP\":0.891195,\"SLL\":11840.822198,\"SOS\":688.941946,\"SRD\":16.726104,\"STD\":24853.798949,\"SVC\":10.334429,\"SYP\":606.133729,\"SZL\":18.139364,\"THB\":35.829874,\"TJS\":13.378002,\"TMT\":4.147833,\"TND\":3.24323,\"TOP\":2.719104,\"TRY\":9.662141,\"TTD\":8.013872,\"TWD\":33.646494,\"TZS\":2738.042766,\"UAH\":33.227701,\"UGX\":4369.964143,\"USD\":1.181719,\"UYU\":50.50905,\"UZS\":12254.424302,\"VEF\":11.802415,\"VND\":27386.333422,\"VUV\":132.910013,\"WST\":3.053358,\"XAF\":656.509116,\"XAG\":0.04887,\"XAU\":0.00063,\"XCD\":3.193654,\"XDR\":0.828897,\"XOF\":654.67258,\"XPF\":119.702888,\"YER\":295.78166,\"ZAR\":18.45131,\"ZMK\":10636.884288,\"ZMW\":24.619279,\"ZWL\":380.513387}}');

-- --------------------------------------------------------

--
-- Estructura de tabla para la tabla `role`
--

CREATE TABLE `role` (
  `id` int(11) NOT NULL,
  `codename` varchar(255) NOT NULL,
  `name` varchar(255) NOT NULL
) ENGINE=InnoDB DEFAULT CHARSET=utf8mb4;

--
-- Volcado de datos para la tabla `role`
--

INSERT INTO `role` (`id`, `codename`, `name`) VALUES
(1, 'ROLE_USER', 'User'),
(2, 'ROLE_ADMIN', 'Administrator');

-- --------------------------------------------------------

--
-- Estructura de tabla para la tabla `sector`
--

CREATE TABLE `sector` (
  `id` int(11) NOT NULL,
  `name` varchar(255) NOT NULL
) ENGINE=InnoDB DEFAULT CHARSET=utf8mb4;

--
-- Volcado de datos para la tabla `sector`
--

INSERT INTO `sector` (`id`, `name`) VALUES
(10, 'testSector10'),
(11, 'testSector11'),
(13, 'testSector13'),
(14, 'brrr'),
(15, 'brrr df'),
(17, 'sdfs df'),
(18, 'dfgd'),
(19, 'dfgdsad'),
(20, 'sdmjhgdkjfg');

-- --------------------------------------------------------

--
-- Estructura de tabla para la tabla `user`
--

CREATE TABLE `user` (
  `id` int(11) NOT NULL,
  `id_role` int(11) NOT NULL,
  `username` varchar(255) NOT NULL,
  `email` varchar(255) NOT NULL,
  `password` varchar(255) NOT NULL,
  `is_active` tinyint(4) DEFAULT 0
) ENGINE=InnoDB DEFAULT CHARSET=utf8mb4;

--
-- Volcado de datos para la tabla `user`
--

INSERT INTO `user` (`id`, `id_role`, `username`, `email`, `password`, `is_active`) VALUES
(4, 2, 'asdasdasdas', 'frankasdiss.pc@gmail.com', '$2y$04$CX5347fUrqQy/iWNpEs0cOyzc3I1GiSL2YKhELiG.ZZUQs.8wIxG6', 1),
(5, 2, 'asdasdasdasasd', 'frankassddiss.pc@gmail.com', '$2y$04$PZZOORSpTrs.9OimU3hMeOAhQqYdm5RWMnO2CNrCSvYJZpB.WJYba', 1),
(7, 2, 'asdasdasdasasdsdfsdf', 'frankaasdasdssddiss.pc@gmail.com', '$2y$04$0u07MVIYkvBRE/a2Morf/ulda.5K45Ow60QUiJGLXkrH03pcn0yqy', 1),
(10, 2, 'syntetizado', 'frankiss.pc@gmail.com', '$2y$04$HtXZCwafXzRBUREItRkotu/L7b3D0W61JkzTET8BlQHRJZ0F9FpjS', 1),
(11, 2, 'asdasdasdas', 'frankasdiss.pc@gmail.com', '$2y$04$CX5347fUrqQy/iWNpEs0cOyzc3I1GiSL2YKhELiG.ZZUQs.8wIxG6', 1),
(12, 2, 'asdasdasdasasd', 'frankassddiss.pc@gmail.com', '$2y$04$PZZOORSpTrs.9OimU3hMeOAhQqYdm5RWMnO2CNrCSvYJZpB.WJYba', 1),
(13, 2, 'asdasdasdasasdsdfsdf', 'frankaasdasdssddiss.pc@gmail.com', '$2y$04$0u07MVIYkvBRE/a2Morf/ulda.5K45Ow60QUiJGLXkrH03pcn0yqy', 1),
(14, 2, 'asdasd', 'ads.pc@gmail.com', '$2y$04$GzldX1Ndazx.YLOPBqfwAOEFZJtN06iq7p1ppvSttF8Uvz9AE8uKm', 1),
(15, 2, '3424342', 'arewt@dfws.sd', '$2y$04$D03JiytQ2efHeenZqwE2Ee5broXOEp9cxUtvVpyzb99cIRkGB1Gim', 1),
(16, 1, 'syntetizadodasd', 'areuta@email.es', '$2y$04$DP0Ef2ewZoecG0sWBozw..dOZHc792PO41tO8zAk1kjhoHjztciDK', 1),
(17, 1, '264523561234', 'arewt@dfws.essefrtasd', '$2y$04$s9ZMC3cOcnYOHQcdlC6wguV8dVUh9Apf4lPZ/w7Sx8TDE7PkTtKg.', 1),
(18, 2, 'syntetizado34234', 'arewt@dfws.essefrsedfdfasd', '$2y$04$.R6oS.ZQuVWI586l2nUqNuQR/T6GCygu/gu4SnmMKjv2wuz8p1c.C', 1);

-- --------------------------------------------------------

--
-- Estructura de tabla para la tabla `user_sector`
--

CREATE TABLE `user_sector` (
  `id` int(11) NOT NULL,
  `id_user` int(11) NOT NULL,
  `id_sector` int(11) NOT NULL
) ENGINE=InnoDB DEFAULT CHARSET=utf8mb4;

--
-- Volcado de datos para la tabla `user_sector`
--

INSERT INTO `user_sector` (`id`, `id_user`, `id_sector`) VALUES
(10, 7, 13),
(32, 18, 10),
(33, 18, 14),
(34, 18, 17);

--
-- Índices para tablas volcadas
--

--
-- Indices de la tabla `api_call`
--
ALTER TABLE `api_call`
  ADD PRIMARY KEY (`id`);

--
-- Indices de la tabla `company`
--
ALTER TABLE `company`
  ADD PRIMARY KEY (`id`),
  ADD KEY `id_sector_fk` (`id_sector`);

--
-- Indices de la tabla `exchange`
--
ALTER TABLE `exchange`
  ADD PRIMARY KEY (`id`);

--
-- Indices de la tabla `role`
--
ALTER TABLE `role`
  ADD PRIMARY KEY (`id`);

--
-- Indices de la tabla `sector`
--
ALTER TABLE `sector`
  ADD PRIMARY KEY (`id`);

--
-- Indices de la tabla `user`
--
ALTER TABLE `user`
  ADD PRIMARY KEY (`id`),
  ADD KEY `id_role_fk` (`id_role`);

--
-- Indices de la tabla `user_sector`
--
ALTER TABLE `user_sector`
  ADD PRIMARY KEY (`id`),
  ADD KEY `id_sector_fk_usersector` (`id_sector`),
  ADD KEY `id_user_fk_usersector` (`id_user`);

--
-- AUTO_INCREMENT de las tablas volcadas
--

--
-- AUTO_INCREMENT de la tabla `api_call`
--
ALTER TABLE `api_call`
  MODIFY `id` int(11) NOT NULL AUTO_INCREMENT, AUTO_INCREMENT=2;

--
-- AUTO_INCREMENT de la tabla `company`
--
ALTER TABLE `company`
  MODIFY `id` int(11) NOT NULL AUTO_INCREMENT, AUTO_INCREMENT=27;

--
-- AUTO_INCREMENT de la tabla `exchange`
--
ALTER TABLE `exchange`
  MODIFY `id` int(11) NOT NULL AUTO_INCREMENT, AUTO_INCREMENT=13;

--
-- AUTO_INCREMENT de la tabla `role`
--
ALTER TABLE `role`
  MODIFY `id` int(11) NOT NULL AUTO_INCREMENT, AUTO_INCREMENT=5;

--
-- AUTO_INCREMENT de la tabla `sector`
--
ALTER TABLE `sector`
  MODIFY `id` int(11) NOT NULL AUTO_INCREMENT, AUTO_INCREMENT=21;

--
-- AUTO_INCREMENT de la tabla `user`
--
ALTER TABLE `user`
  MODIFY `id` int(11) NOT NULL AUTO_INCREMENT, AUTO_INCREMENT=19;

--
-- AUTO_INCREMENT de la tabla `user_sector`
--
ALTER TABLE `user_sector`
  MODIFY `id` int(11) NOT NULL AUTO_INCREMENT, AUTO_INCREMENT=35;

--
-- Restricciones para tablas volcadas
--

--
-- Filtros para la tabla `company`
--
ALTER TABLE `company`
  ADD CONSTRAINT `id_sector_fk` FOREIGN KEY (`id_sector`) REFERENCES `sector` (`id`) ON DELETE CASCADE ON UPDATE CASCADE;

--
-- Filtros para la tabla `user`
--
ALTER TABLE `user`
  ADD CONSTRAINT `id_role_fk` FOREIGN KEY (`id_role`) REFERENCES `role` (`id`) ON DELETE CASCADE ON UPDATE CASCADE;

--
-- Filtros para la tabla `user_sector`
--
ALTER TABLE `user_sector`
  ADD CONSTRAINT `id_sector_fk_usersector` FOREIGN KEY (`id_sector`) REFERENCES `sector` (`id`) ON DELETE CASCADE ON UPDATE CASCADE,
  ADD CONSTRAINT `id_user_fk_usersector` FOREIGN KEY (`id_user`) REFERENCES `user` (`id`) ON DELETE CASCADE ON UPDATE CASCADE;
COMMIT;

/*!40101 SET CHARACTER_SET_CLIENT=@OLD_CHARACTER_SET_CLIENT */;
/*!40101 SET CHARACTER_SET_RESULTS=@OLD_CHARACTER_SET_RESULTS */;
/*!40101 SET COLLATION_CONNECTION=@OLD_COLLATION_CONNECTION */;
